Method,ATE/ATT,Std Error,CI Lower,CI Upper,P-value,Significant
TWFE DiD,-0.008136622900033096,0.0035503119331227596,-0.015095234288953704,-0.001178011511112488,0.021916893803918924,**
Double ML,0.012624645564068355,0.003431847073156507,0.005898225300681601,0.01935106582745511,0.00023444999345323403,***
Sun-Abraham,-0.007882878822202325,0.0035065088168630314,-0.014755636103253866,-0.0010101215411507831,0.02457169857171282,**
