method,overall_att,overall_se,ci_lower,ci_upper,pvalue,n_cohorts
Sun-Abraham,-0.007882878822202325,0.0035065088168630314,-0.014755636103253866,-0.0010101215411507831,0.02457169857171282,20
