event_time,ate,se,ci_lower,ci_upper,pvalue
-1,0.0,0.0,0.0,0.0,1.0
0,0.004308349047025375,0.0038719689651847094,-0.003280710124736655,0.011897408218787407,0.26583627701585444
1,0.01854446989012712,0.012312538634319026,-0.0055881058331381725,0.04267704561339241,0.13202992587508877
2,0.0036897889439477275,0.015644068557084938,-0.02697258542793875,0.034352163315834204,0.8135423529327586
3,0.0027702062630557984,0.015075566519310378,-0.02677790411479254,0.03231831664090414,0.85420589194359
4,0.022261853796935096,0.022687934619574593,-0.022206498057431103,0.06673020565130129,0.32648429415950453
5,0.010383266253264842,0.018092410084821597,-0.02507785751298549,0.04584439001951517,0.5660342721801135
